{"throwVelocity":{"x":6.7082037925720219,"y":6.508203506469727}}