{"gravity":10.0,"windVelocity":5.263157844543457,"throwVelocity":{"x":11.48670768737793,"y":11.286706924438477}}